episode,total_reward,avg_loss,epsilon,steps,elapsed_s
1,-130.69,0.035788,0.9813,2000,30.0
2,-139.83,0.02145,0.9624,2000,31.6
3,-129.94,0.019588,0.9438,2000,32.6
4,-131.37,0.019636,0.9255,2000,33.1
5,-107.85,0.021251,0.9077,2000,33.2
6,-123.36,0.022786,0.8901,2000,31.4
7,-132.72,0.023939,0.873,2000,31.8
8,-120.96,0.023475,0.8561,2000,31.1
9,-125.93,0.023488,0.8396,2000,31.9
10,-130.0,0.023852,0.8234,2000,31.6
11,-89.29,0.02411,0.8075,2000,34.0
12,-129.05,0.024075,0.7919,2000,36.1
13,-129.26,0.026133,0.7766,2000,32.6
14,-134.58,0.025551,0.7616,2000,34.6
15,-120.69,0.025399,0.7469,2000,32.0
16,-93.47,0.026069,0.7324,2000,32.0
17,-128.33,0.025561,0.7183,2000,31.2
18,-127.87,0.026764,0.7044,2000,47.7
19,-132.26,0.027,0.6908,2000,39.6
20,-83.21,0.027601,0.6775,2000,34.6
21,-125.65,0.030173,0.6644,2000,33.3
22,-125.27,0.029326,0.6516,2000,33.9
23,-124.19,0.030254,0.639,2000,32.9
24,-125.27,0.029443,0.6266,2000,37.1
25,-129.49,0.029529,0.6145,2000,32.2
26,-132.69,0.028327,0.6027,2000,32.9
27,-122.56,0.02885,0.591,2000,33.3
28,-109.09,0.029015,0.5796,2000,33.9
29,-128.34,0.029386,0.5684,2000,34.0
30,-38.71,0.031565,0.5575,2000,32.6
31,-125.09,0.03164,0.5467,2000,32.7
32,-123.61,0.030206,0.5361,2000,34.5
33,-136.24,0.029843,0.5258,2000,34.0
34,-125.8,0.030807,0.5156,2000,34.5
35,-126.32,0.032929,0.5057,2000,33.8
36,-140.99,0.03078,0.4959,2000,32.9
37,-72.85,0.032283,0.4863,2000,33.5
38,-121.71,0.032098,0.4769,2000,34.3
39,-120.58,0.032049,0.4677,2000,33.6
40,-110.51,0.032042,0.4587,2000,32.9
41,-32.73,0.032921,0.4498,2000,35.4
42,-120.96,0.034274,0.4411,2000,34.7
43,-53.93,0.034849,0.4326,2000,33.3
44,-120.29,0.035303,0.4243,2000,32.5
45,-121.93,0.036558,0.4161,2000,32.0
46,-118.22,0.035777,0.408,2000,32.5
47,-77.48,0.035814,0.4002,2000,32.9
48,-129.05,0.03708,0.3924,2000,32.2
49,-117.53,0.03754,0.3849,2000,33.7
50,-116.96,0.038255,0.3774,2000,33.4
51,-133.54,0.038415,0.3701,2000,33.9
52,-9.02,0.041146,0.3681,595,10.0
53,-87.48,0.050148,0.3648,946,16.4
54,-20.42,0.056102,0.3578,2000,33.5
55,-122.58,0.053601,0.3509,2000,33.6
56,-121.99,0.055286,0.3441,2000,33.5
57,-220.05,0.057169,0.3375,1994,34.0
58,-56.37,0.065963,0.3348,861,14.6
59,-124.09,0.056715,0.3283,2000,35.4
60,-96.06,0.064064,0.322,2000,36.7
61,-56.12,0.060831,0.3157,2000,35.9
62,-152.56,0.069534,0.3108,1634,29.3
63,-123.24,0.070653,0.3058,1662,29.0
64,-107.83,0.062815,0.3032,899,14.7
65,-107.95,0.082234,0.3014,667,11.0
66,-173.4,0.087707,0.2971,1457,24.9
67,-228.6,0.087239,0.2917,1910,33.3
68,-84.42,0.090317,0.2902,562,9.1
69,-105.75,0.082996,0.2887,547,9.7
70,-94.17,0.098514,0.287,670,11.3
71,-49.13,0.116037,0.2844,930,16.3
72,-166.68,0.093148,0.2807,1372,23.5
73,-87.98,0.113091,0.2788,717,12.6
74,-61.39,0.110854,0.2735,2000,36.5
75,-33.99,0.120717,0.2682,2000,34.2
76,-85.52,0.112212,0.263,2000,36.3
77,-46.95,0.110038,0.2604,1032,18.6
78,-122.22,0.120557,0.2554,2000,35.0
79,-37.37,0.124816,0.2505,2000,36.3
80,-125.7,0.121176,0.2456,2000,36.8
81,-122.36,0.131707,0.2409,2000,36.1
82,-107.36,0.138612,0.2372,1598,27.4
83,-139.89,0.132728,0.2326,2000,36.4
84,-118.46,0.135667,0.2299,1213,21.2
85,210.71,0.150765,0.2255,2000,35.8
86,-93.55,0.13709,0.224,726,12.5
87,-128.06,0.141785,0.2196,2000,34.5
88,-198.24,0.139976,0.2158,1799,30.9
89,85.71,0.150326,0.2117,2000,35.9
90,-96.09,0.152461,0.2104,667,11.8
91,-123.59,0.141837,0.2063,2000,35.5
92,386.81,0.160381,0.2023,2000,36.7
93,16.17,0.165713,0.1996,1421,26.4
94,1.93,0.176939,0.1971,1294,24.2
95,651.15,0.194737,0.1933,2000,35.8
96,480.3,0.223271,0.1895,2000,36.0
97,221.81,0.230259,0.1868,1537,28.1
98,151.19,0.232419,0.1841,1454,25.5
99,-110.79,0.232546,0.1826,867,15.1
100,816.3,0.23603,0.1794,1837,34.1
101,-100.23,0.257232,0.1781,802,14.3
102,-87.73,0.259522,0.1761,1164,20.1
103,772.03,0.257753,0.1727,2000,37.0
104,584.62,0.269442,0.1694,2000,36.2
105,665.05,0.289522,0.1661,2000,36.3
106,658.11,0.29664,0.1629,2000,37.3
107,574.77,0.308837,0.1597,2000,35.3
108,782.46,0.348819,0.1567,2000,34.6
109,610.09,0.351616,0.1536,2000,35.2
110,837.4,0.359045,0.1512,1626,28.6
111,698.03,0.377104,0.1483,2000,36.9
112,834.8,0.393247,0.1459,1652,29.8
113,802.0,0.413905,0.1432,1980,34.6
114,609.97,0.43218,0.1404,2000,34.9
115,553.89,0.440594,0.1377,2000,36.7
116,796.53,0.448794,0.135,2000,36.6
117,167.41,0.459171,0.1324,2000,35.1
118,882.6,0.458276,0.1309,1174,21.0
119,859.4,0.494232,0.1292,1406,24.9
120,833.7,0.4702,0.1271,1663,30.3
121,836.0,0.502482,0.1251,1640,30.0
122,106.12,0.503242,0.1227,2000,36.7
123,794.19,0.505608,0.1203,2000,37.2
124,838.7,0.514687,0.1185,1613,29.2
125,854.2,0.513133,0.1168,1458,26.4
126,790.0,0.518563,0.1145,2000,34.4
127,875.2,0.530772,0.1132,1248,21.2
128,846.6,0.530287,0.1115,1534,26.1
129,848.2,0.546426,0.1099,1518,26.0
130,779.59,0.535616,0.1078,2000,34.6
131,844.5,0.542717,0.1062,1555,26.9
132,793.27,0.52779,0.1041,2000,33.9
133,875.4,0.533597,0.1029,1246,21.2
134,864.8,0.5324,0.1015,1352,23.6
135,793.13,0.542327,0.0996,2000,34.9
136,878.1,0.53735,0.0984,1219,21.4
137,789.51,0.548488,0.0965,2000,35.2
138,793.2,0.543287,0.0947,2000,33.9
139,852.3,0.527105,0.0933,1477,25.1
140,6.57,0.526542,0.0929,457,7.8
141,793.55,0.534034,0.0911,2000,36.4
142,821.4,0.531464,0.0896,1786,32.0
143,786.61,0.526148,0.0878,2000,35.0
144,883.2,0.52532,0.0869,1168,20.8
145,886.8,0.543772,0.0859,1132,20.5
146,775.16,0.542275,0.0843,2000,35.8
147,771.33,0.535496,0.0826,2000,34.0
148,796.64,0.54024,0.081,2000,34.5
149,886.4,0.540407,0.0802,1136,19.3
150,865.0,0.5537,0.0791,1350,22.9
151,887.7,0.541719,0.0783,1123,18.8
152,793.49,0.547296,0.0768,2000,34.8
153,877.7,0.55199,0.0759,1223,20.4
154,882.0,0.532686,0.075,1180,20.0
155,890.6,0.555153,0.0742,1094,18.4
156,787.84,0.551028,0.0728,2000,34.7
157,859.3,0.554164,0.0718,1407,24.3
158,873.4,0.552826,0.071,1266,21.8
159,882.2,0.532621,0.0702,1178,19.5
160,893.5,0.547975,0.0695,1065,17.7
161,836.2,0.542761,0.0684,1638,29.5
162,895.3,0.52997,0.0677,1047,17.4
163,623.53,0.542686,0.0664,2000,35.3
164,876.3,0.538116,0.0656,1237,21.4
165,853.2,0.527183,0.0647,1468,24.9
166,803.6,0.531108,0.0634,1964,34.6
167,890.0,0.536366,0.0628,1100,18.6
168,891.1,0.529694,0.0621,1089,18.2
169,841.3,0.534798,0.0612,1587,27.4
170,781.71,0.541126,0.06,2000,35.8
171,832.8,0.543428,0.059,1672,28.7
172,888.8,0.535012,0.0584,1112,18.7
173,813.5,0.54081,0.0574,1865,32.0
174,887.5,0.518453,0.0568,1125,19.4
175,887.6,0.528544,0.0561,1124,19.1
176,885.0,0.53171,0.0555,1150,19.9
177,901.2,0.513138,0.055,988,17.8
178,796.75,0.518277,0.054,2000,34.4
179,884.7,0.524532,0.0534,1153,19.6
180,886.2,0.517521,0.0528,1138,19.3
181,898.1,0.518765,0.0523,1019,17.1
182,770.41,0.519905,0.0513,2000,35.6
183,765.62,0.527845,0.0503,2000,34.9
184,881.6,0.534885,0.05,1184,20.4
185,796.44,0.518296,0.05,2000,34.5
186,883.1,0.51422,0.05,1169,19.6
187,870.9,0.519993,0.05,1291,22.3
188,738.32,0.509757,0.05,1405,24.1
189,887.8,0.531908,0.05,1122,19.2
190,796.59,0.522258,0.05,2000,34.5
191,796.83,0.522927,0.05,2000,34.6
192,873.3,0.528587,0.05,1267,22.2
193,892.0,0.545529,0.05,1080,19.2
194,906.6,0.546001,0.05,934,16.4
195,911.7,0.537536,0.05,883,15.6
196,907.0,0.536973,0.05,930,16.4
197,902.9,0.544578,0.05,971,16.9
198,908.0,0.540738,0.05,920,15.5
199,903.4,0.543949,0.05,966,16.2
200,833.7,0.543721,0.05,1663,27.8
201,870.6,0.562845,0.05,1294,22.4
202,879.2,0.563562,0.05,1208,20.6
203,905.5,0.56585,0.05,945,15.9
204,893.5,0.571314,0.05,1065,18.0
205,900.8,0.565089,0.05,992,16.7
206,906.4,0.551862,0.05,936,15.6
207,888.6,0.558545,0.05,1114,18.9
208,583.02,0.573362,0.05,2000,34.7
209,886.5,0.566279,0.05,1135,19.3
210,896.2,0.566833,0.05,1038,17.7
211,898.3,0.567902,0.05,1017,17.1
212,793.31,0.562393,0.05,2000,35.0
213,909.1,0.560612,0.05,909,15.2
214,876.1,0.56665,0.05,1239,21.5
215,796.7,0.564393,0.05,2000,35.8
216,890.2,0.575406,0.05,1098,18.7
217,796.83,0.576743,0.05,2000,34.8
218,890.8,0.58051,0.05,1092,19.7
219,907.2,0.56068,0.05,928,16.9
220,895.0,0.576042,0.05,1050,18.9
221,896.1,0.571152,0.05,1039,18.3
222,427.91,0.571633,0.05,2000,36.0
223,790.42,0.56218,0.05,2000,36.9
224,896.5,0.566137,0.05,1035,18.5
225,885.5,0.557924,0.05,1145,19.7
226,897.2,0.570526,0.05,1028,18.1
227,907.5,0.561803,0.05,925,15.9
228,901.1,0.565379,0.05,989,17.7
229,912.0,0.571937,0.05,880,15.7
230,881.9,0.570012,0.05,1181,21.3
231,793.69,0.558345,0.05,2000,36.8
232,877.2,0.572814,0.05,1228,21.7
233,896.8,0.563081,0.05,1032,17.5
234,883.7,0.558565,0.05,1163,19.9
235,835.4,0.553883,0.05,1646,28.1
236,796.59,0.569622,0.05,2000,34.5
237,796.15,0.5836,0.05,2000,34.8
238,796.47,0.602636,0.05,2000,34.6
239,866.8,0.592729,0.05,1332,24.9
240,901.4,0.591038,0.05,986,17.3
241,896.1,0.596896,0.05,1039,18.0
242,887.5,0.585162,0.05,1125,19.5
243,793.36,0.600095,0.05,2000,34.5
244,789.62,0.602923,0.05,2000,34.4
245,896.7,0.603768,0.05,1033,17.5
246,789.05,0.603523,0.05,2000,34.3
247,730.81,0.605644,0.05,1659,28.7
248,884.0,0.608143,0.05,1160,20.2
249,901.3,0.603977,0.05,987,16.7
250,793.08,0.599386,0.05,2000,34.2
251,891.0,0.608311,0.05,1090,18.4
252,907.1,0.59657,0.05,929,15.6
253,778.79,0.606582,0.05,2000,35.1
254,782.14,0.594892,0.05,2000,34.2
255,911.8,0.596633,0.05,882,14.6
256,906.1,0.602116,0.05,939,15.7
257,902.1,0.602479,0.05,979,16.2
258,786.49,0.6006,0.05,2000,36.3
259,899.5,0.606523,0.05,1005,17.3
260,789.66,0.609846,0.05,2000,34.5
261,834.3,0.590343,0.05,1657,28.4
262,888.9,0.604867,0.05,1111,18.8
263,889.0,0.615833,0.05,1110,18.6
264,892.6,0.612519,0.05,1074,18.8
265,881.5,0.616909,0.05,1185,21.4
266,892.8,0.615293,0.05,1072,18.6
267,908.9,0.609644,0.05,911,15.7
268,905.4,0.610191,0.05,946,16.9
269,793.51,0.614108,0.05,2000,34.6
270,796.54,0.626895,0.05,2000,34.3
271,817.4,0.639445,0.05,1826,32.7
272,913.4,0.639994,0.05,866,15.1
273,790.26,0.623746,0.05,2000,34.4
274,889.8,0.603896,0.05,1102,18.7
275,902.2,0.602427,0.05,978,16.4
276,888.5,0.610526,0.05,1115,19.0
277,905.7,0.597561,0.05,943,15.9
278,785.03,0.6123,0.05,2000,34.5
279,776.05,0.600777,0.05,2000,34.8
280,898.4,0.609163,0.05,1016,17.1
281,792.65,0.600424,0.05,2000,34.1
282,793.4,0.579554,0.05,2000,35.8
283,792.59,0.591855,0.05,2000,35.8
284,786.3,0.586651,0.05,2000,35.1
285,877.3,0.595037,0.05,1227,20.5
286,903.1,0.579546,0.05,969,16.3
287,885.2,0.580378,0.05,1148,19.6
288,786.21,0.572141,0.05,2000,34.1
289,633.94,0.590386,0.05,2000,33.4
290,905.8,0.584012,0.05,942,15.9
291,789.62,0.594271,0.05,2000,33.9
292,895.2,0.574953,0.05,1048,17.7
293,787.9,0.591337,0.05,2000,33.8
294,786.21,0.591075,0.05,2000,36.5
295,815.7,0.588465,0.05,1843,33.4
296,900.1,0.594599,0.05,999,18.2
297,796.52,0.59167,0.05,2000,36.1
298,789.29,0.590343,0.05,2000,34.2
299,781.01,0.57953,0.05,2000,34.4
300,791.04,0.560875,0.05,2000,34.9
301,775.44,0.557028,0.05,2000,36.5
302,796.92,0.554199,0.05,2000,35.2
303,774.82,0.570993,0.05,2000,34.5
304,796.73,0.573355,0.05,2000,34.3
305,791.74,0.581622,0.05,2000,35.7
306,886.5,0.58358,0.05,1135,19.8
307,903.4,0.570527,0.05,966,16.4
308,895.8,0.577907,0.05,1042,17.9
309,766.89,0.575902,0.05,2000,34.2
310,796.63,0.576795,0.05,2000,34.6
311,912.4,0.568072,0.05,876,14.5
312,902.6,0.579554,0.05,974,16.4
313,793.03,0.580085,0.05,2000,34.5
314,811.0,0.583244,0.05,1890,33.6
315,900.6,0.579419,0.05,994,18.1
316,910.4,0.576794,0.05,896,15.3
317,789.4,0.574199,0.05,2000,35.0
318,796.58,0.56955,0.05,2000,36.1
319,891.5,0.567153,0.05,1085,19.5
320,895.1,0.561731,0.05,1049,19.0
321,897.3,0.552759,0.05,1027,17.7
322,883.8,0.560307,0.05,1162,21.4
323,914.5,0.559857,0.05,855,15.1
324,910.9,0.556197,0.05,891,14.9
325,884.4,0.558086,0.05,1156,20.2
326,786.67,0.559495,0.05,2000,34.6
327,894.5,0.561104,0.05,1055,17.9
328,908.9,0.566045,0.05,911,15.9
329,791.02,0.555489,0.05,2000,35.3
330,792.62,0.551354,0.05,2000,34.6
331,857.9,0.571718,0.05,1421,24.2
332,793.03,0.560926,0.05,2000,34.6
333,774.11,0.571169,0.05,2000,35.1
334,785.96,0.580173,0.05,2000,34.5
335,908.4,0.588683,0.05,916,15.4
336,776.74,0.589632,0.05,2000,35.4
337,763.37,0.605633,0.05,2000,35.2
338,786.35,0.595013,0.05,2000,34.3
339,790.57,0.596198,0.05,2000,34.9
340,740.96,0.603346,0.05,2000,34.2
341,887.6,0.598647,0.05,1124,18.9
342,914.0,0.599157,0.05,860,14.3
343,894.2,0.612094,0.05,1058,17.8
344,882.3,0.600882,0.05,1177,19.9
345,909.7,0.613663,0.05,903,15.0
346,890.9,0.600004,0.05,1091,18.6
347,789.8,0.61187,0.05,2000,34.3
348,789.25,0.616534,0.05,2000,34.0
349,895.0,0.602799,0.05,1050,17.6
350,796.81,0.612117,0.05,2000,34.5
351,893.3,0.612185,0.05,1067,17.9
352,771.06,0.606043,0.05,2000,34.5
353,903.7,0.590989,0.05,963,16.3
354,892.4,0.601035,0.05,1076,18.4
355,850.5,0.610047,0.05,1495,25.8
356,796.35,0.603612,0.05,2000,34.2
357,906.6,0.591259,0.05,934,15.6
358,792.03,0.588558,0.05,2000,35.3
359,786.97,0.578951,0.05,2000,35.2
360,786.25,0.574416,0.05,2000,35.8
361,790.03,0.583547,0.05,2000,36.8
362,785.56,0.590042,0.05,2000,36.3
363,783.16,0.603546,0.05,2000,36.6
364,764.41,0.605766,0.05,2000,34.1
365,901.7,0.608387,0.05,983,16.6
366,793.13,0.593275,0.05,2000,34.2
367,887.7,0.588142,0.05,1123,19.1
368,843.0,0.577873,0.05,1570,26.7
369,796.67,0.583909,0.05,2000,34.8
370,793.99,0.608176,0.05,2000,35.2
371,783.82,0.626647,0.05,2000,34.7
372,789.86,0.673198,0.05,2000,34.4
373,793.44,0.63612,0.05,2000,34.1
374,780.46,0.618242,0.05,2000,34.4
375,759.87,0.610617,0.05,2000,35.0
376,767.43,0.602636,0.05,2000,34.4
377,908.0,0.602135,0.05,920,15.0
378,782.58,0.600644,0.05,2000,33.9
379,840.6,0.609189,0.05,1594,27.2
380,797.04,0.60732,0.05,2000,35.0
381,790.62,0.600736,0.05,2000,36.2
382,796.67,0.578319,0.05,2000,35.7
383,789.97,0.57613,0.05,2000,34.4
384,789.76,0.575447,0.05,2000,34.5
385,845.1,0.575686,0.05,1549,26.3
386,709.88,0.589969,0.05,2000,35.5
387,792.09,0.598261,0.05,2000,34.1
388,895.1,0.60005,0.05,1049,18.6
389,905.9,0.598052,0.05,941,16.3
390,865.0,0.594937,0.05,1350,25.3
391,903.9,0.594715,0.05,961,17.1
392,688.89,0.606615,0.05,2000,35.1
393,905.9,0.597742,0.05,941,15.7
394,893.7,0.601675,0.05,1063,17.9
395,889.1,0.587011,0.05,1109,18.6
396,903.3,0.589339,0.05,967,16.0
397,911.2,0.595545,0.05,888,14.7
398,777.53,0.590931,0.05,2000,34.2
399,819.4,0.579055,0.05,1806,31.1
400,788.83,0.583495,0.05,2000,35.7
401,796.62,0.578564,0.05,2000,35.0
402,897.0,0.58393,0.05,1030,18.5
403,911.9,0.579525,0.05,881,15.4
404,886.3,0.590788,0.05,1137,19.8
405,900.9,0.579504,0.05,991,16.6
406,792.86,0.586196,0.05,2000,34.2
407,788.51,0.60087,0.05,2000,34.5
408,778.26,0.601751,0.05,2000,34.4
409,787.29,0.600498,0.05,2000,33.4
410,789.09,0.607637,0.05,2000,33.9
411,915.1,0.586541,0.05,849,14.2
412,907.1,0.600459,0.05,929,15.3
413,897.8,0.605046,0.05,1022,17.1
414,793.33,0.615235,0.05,2000,34.3
415,879.1,0.610684,0.05,1209,20.2
416,787.06,0.624227,0.05,2000,34.8
417,790.54,0.615026,0.05,2000,34.9
418,796.4,0.615529,0.05,2000,34.6
419,903.2,0.618462,0.05,968,16.0
420,796.74,0.620278,0.05,2000,34.6
421,796.52,0.605944,0.05,2000,34.2
422,836.8,0.594287,0.05,1632,28.4
423,890.1,0.596195,0.05,1099,19.6
424,773.6,0.599702,0.05,2000,34.7
425,838.0,0.604433,0.05,1620,27.3
426,629.72,0.588717,0.05,2000,35.0
427,902.2,0.589483,0.05,978,16.3
428,786.89,0.599449,0.05,2000,34.6
429,842.8,0.585468,0.05,1572,27.0
430,897.6,0.574024,0.05,1024,17.3
431,813.9,0.599958,0.05,1861,32.0
432,896.5,0.606883,0.05,1035,17.4
433,783.39,0.607393,0.05,2000,35.3
434,902.2,0.602048,0.05,978,16.8
435,826.1,0.600503,0.05,1739,30.1
436,767.43,0.607483,0.05,2000,35.0
437,847.0,0.599674,0.05,1530,26.1
438,891.6,0.594989,0.05,1084,19.5
439,786.3,0.594045,0.05,2000,35.0
440,853.3,0.599019,0.05,1467,25.0
441,844.1,0.590719,0.05,1559,27.1
442,892.8,0.596061,0.05,1072,18.3
443,912.9,0.618647,0.05,871,14.6
444,793.33,0.616253,0.05,2000,34.5
445,904.3,0.597793,0.05,957,16.1
446,793.06,0.601426,0.05,2000,34.8
447,911.1,0.600866,0.05,889,15.0
448,884.3,0.612912,0.05,1157,19.9
449,786.67,0.608281,0.05,2000,34.5
450,909.1,0.612725,0.05,909,16.0
451,902.0,0.609153,0.05,980,17.0
452,787.34,0.603587,0.05,2000,33.8
453,909.9,0.601885,0.05,901,15.0
454,789.58,0.587208,0.05,2000,36.2
455,836.3,0.571784,0.05,1637,30.0
456,902.2,0.581977,0.05,978,17.5
457,865.9,0.592163,0.05,1341,24.9
458,793.67,0.599863,0.05,2000,36.9
459,790.62,0.56676,0.05,2000,36.8
460,793.71,0.545307,0.05,2000,37.5
461,802.4,0.54474,0.05,1976,35.8
462,897.3,0.545738,0.05,1027,17.0
463,787.5,0.543472,0.05,2000,34.6
464,789.47,0.55505,0.05,2000,34.5
465,852.9,0.540418,0.05,1471,25.0
466,793.31,0.54562,0.05,2000,36.8
467,772.7,0.537264,0.05,2000,35.7
468,876.1,0.51755,0.05,1239,21.8
469,793.38,0.520199,0.05,2000,36.1
470,796.53,0.526655,0.05,2000,36.6
471,796.38,0.51578,0.05,2000,36.3
472,797.0,0.506208,0.05,2000,35.9
473,774.76,0.504877,0.05,2000,34.9
474,826.0,0.497689,0.05,1740,29.4
475,768.38,0.500174,0.05,2000,34.9
476,793.22,0.489127,0.05,2000,35.7
477,793.08,0.48807,0.05,2000,34.5
478,897.0,0.485276,0.05,1030,17.7
479,787.5,0.480032,0.05,2000,34.6
480,908.5,0.461395,0.05,915,15.5
481,912.9,0.464177,0.05,871,14.4
482,900.9,0.468799,0.05,991,16.6
483,790.8,0.474922,0.05,2000,35.1
484,899.7,0.477662,0.05,1003,17.4
485,774.73,0.487578,0.05,2000,35.1
486,776.9,0.475258,0.05,2000,36.7
487,784.18,0.461459,0.05,2000,35.1
488,776.43,0.454211,0.05,2000,35.9
489,771.12,0.454135,0.05,2000,36.8
490,906.8,0.475425,0.05,932,16.7
491,790.07,0.475605,0.05,2000,34.3
492,910.7,0.469818,0.05,893,14.9
493,796.25,0.48269,0.05,2000,34.5
494,908.7,0.471774,0.05,913,15.8
495,796.23,0.469354,0.05,2000,34.5
496,906.3,0.454658,0.05,937,15.7
497,898.1,0.455007,0.05,1019,17.5
498,890.5,0.459451,0.05,1095,19.0
499,824.1,0.474002,0.05,1759,29.7
500,736.93,0.465152,0.05,1599,27.3
